{
  "cs-CZ": ["label.reset", "metrics.device.tablet"],
  "de-CH": [
    "label.admin",
    "label.analytics",
    "label.desktop",
    "label.details",
    "label.domain",
    "label.laptop",
    "label.tablet",
    "label.name",
    "label.sessions",
    "label.team",
    "label.team-id",
    "label.teams"
  ],
  "de-DE": [
    "label.admin",
    "label.analytics",
    "label.desktop",
    "label.details",
    "label.domain",
    "label.laptop",
    "label.tablet",
    "label.name",
    "label.sessions",
    "label.team",
    "label.team-id",
    "label.teams"
  ],
  "en-GB": "*",
  "fr-FR": ["metrics.actions", "metrics.pages"],
  "lt-LT": [
    "metrics.device.desktop",
    "metrics.device.laptop",
    "metrics.referrers",
    "message.powered-by"
  ],
  "mn-MN": ["label.max", "label.min", "label.os", "label.query", "label.url", "label.urls"],
  "nb-NO": ["label.administrator", "label.dashboard"],
  "nl-NL": [
    "label.analytics",
    "label.browsers",
    "label.laptop",
    "label.tablet",
    "label.team",
    "label.team-id",
    "label.teams",
    "label.website-id",
    "label.websites"
  ],
  "it-IT": [
    "label.password",
    "label.reset",
    "message.powered-by",
    "metrics.device.desktop",
    "metrics.device.tablet",
    "metrics.filter.raw"
  ],
  "pt-PT": ["label.websites", "metrics.device.desktop", "metrics.device.tablet"]
}
