{"AF":"Afganistan","AX":"\u00c5landski otoci","AL":"Albanija","DZ":"Al\u017eir","AS":"Ameri\u010dka Samoa","VI":"Ameri\u010dki Djevi\u010danski otoci","AD":"Andora","AO":"Angola","AI":"Angvila","AQ":"Antarktika","AG":"Antigva i Barbuda","AR":"Argentina","AM":"Armenija","AW":"Aruba","AU":"Australija","AT":"Austrija","AZ":"Azerbajd\u017ean","BS":"Bahami","BH":"Bahrein","BD":"Banglade\u0161","BB":"Barbados","BE":"Belgija","BZ":"Belize","BJ":"Benin","BM":"Bermudi","BY":"Bjelorusija","BW":"Bocvana","BO":"Bolivija","BA":"Bosna i Hercegovina","CX":"Bo\u017ei\u0107ni otok","BR":"Brazil","VG":"Britanski Djevi\u010danski otoci","IO":"Britanski Indijskooceanski teritorij","BN":"Brunej","BG":"Bugarska","BF":"Burkina Faso","BI":"Burundi","BT":"Butan","CY":"Cipar","CK":"Cookovi Otoci","ME":"Crna Gora","CW":"Cura\u00e7ao","TD":"\u010cad","CZ":"\u010ce\u0161ka","CL":"\u010cile","DK":"Danska","DM":"Dominika","DO":"Dominikanska Republika","DJ":"D\u017eibuti","EG":"Egipat","EC":"Ekvador","GQ":"Ekvatorska Gvineja","ER":"Eritreja","EE":"Estonija","SZ":"Esvatini","ET":"Etiopija","FK":"Falklandski otoci","FO":"Farski otoci","FJ":"Fid\u017ei","PH":"Filipini","FI":"Finska","FR":"Francuska","GF":"Francuska Gijana","PF":"Francuska Polinezija","TF":"Francuski ju\u017eni i antarkti\u010dki teritoriji","GA":"Gabon","GM":"Gambija","GH":"Gana","GI":"Gibraltar","GR":"Gr\u010dka","GD":"Grenada","GL":"Grenland","GE":"Gruzija","GP":"Guadalupe","GU":"Guam","GG":"Guernsey","GY":"Gvajana","GT":"Gvatemala","GN":"Gvineja","GW":"Gvineja Bisau","HT":"Haiti","HN":"Honduras","HR":"Hrvatska","IN":"Indija","ID":"Indonezija","IQ":"Irak","IR":"Iran","IE":"Irska","IS":"Island","IT":"Italija","IL":"Izrael","JM":"Jamajka","JP":"Japan","YE":"Jemen","JE":"Jersey","JO":"Jordan","GS":"Ju\u017ena Georgija i Ju\u017eni Sendvi\u010dki Otoci","KR":"Ju\u017ena Koreja","SS":"Ju\u017eni Sudan","ZA":"Ju\u017enoafri\u010dka Republika","KY":"Kajmanski otoci","KH":"Kambod\u017ea","CM":"Kamerun","CA":"Kanada","BQ":"Karipski otoci Nizozemske","QA":"Katar","KZ":"Kazahstan","KE":"Kenija","CN":"Kina","KG":"Kirgistan","KI":"Kiribati","CC":"Kokosovi (Keelingovi) otoci","CO":"Kolumbija","KM":"Komori","CG":"Kongo - Brazzaville","CD":"Kongo - Kinshasa","CR":"Kostarika","CU":"Kuba","KW":"Kuvajt","LA":"Laos","LV":"Latvija","LS":"Lesoto","LB":"Libanon","LR":"Liberija","LY":"Libija","LI":"Lihten\u0161tajn","LT":"Litva","LU":"Luksemburg","MG":"Madagaskar","HU":"Ma\u0111arska","MW":"Malavi","MV":"Maldivi","MY":"Malezija","ML":"Mali","UM":"Mali udaljeni otoci SAD-a","MT":"Malta","MA":"Maroko","MH":"Mar\u0161alovi Otoci","MQ":"Martinique","MR":"Mauretanija","MU":"Mauricijus","YT":"Mayotte","MX":"Meksiko","FM":"Mikronezija","MM":"Mjanmar (Burma)","MD":"Moldavija","MC":"Monako","MN":"Mongolija","MS":"Montserrat","MZ":"Mozambik","NA":"Namibija","NR":"Nauru","NP":"Nepal","NE":"Niger","NG":"Nigerija","NI":"Nikaragva","NU":"Niue","NL":"Nizozemska","NO":"Norve\u0161ka","NC":"Nova Kaledonija","NZ":"Novi Zeland","DE":"Njema\u010dka","CI":"Obala Bjelokosti","OM":"Oman","HM":"Otoci Heard i McDonald","PN":"Otoci Pitcairn","TC":"Otoci Turks i Caicos","BV":"Otok Bouvet","IM":"Otok Man","NF":"Otok Norfolk","PK":"Pakistan","PW":"Palau","PS":"Palestinsko podru\u010dje","PA":"Panama","PG":"Papua Nova Gvineja","PY":"Paragvaj","PE":"Peru","PL":"Poljska","PR":"Portoriko","PT":"Portugal","HK":"PUP Hong Kong Kina","MO":"PUP Makao Kina","RE":"R\u00e9union","RW":"Ruanda","RO":"Rumunjska","RU":"Rusija","BL":"Saint Barth\u00e9lemy","MF":"Saint Martin","PM":"Saint-Pierre-et-Miquelon","SB":"Salomonski Otoci","SV":"Salvador","WS":"Samoa","SM":"San Marino","SA":"Saudijska Arabija","SC":"Sej\u0161eli","SN":"Senegal","SL":"Sijera Leone","SG":"Singapur","SX":"Sint Maarten","SY":"Sirija","US":"Sjedinjene Ameri\u010dke Dr\u017eave","KP":"Sjeverna Koreja","MK":"Sjeverna Makedonija","MP":"Sjevernomarijanski otoci","SK":"Slova\u010dka","SI":"Slovenija","SO":"Somalija","RS":"Srbija","CF":"Srednjoafri\u010dka Republika","SD":"Sudan","SR":"Surinam","SJ":"Svalbard i Jan Mayen","SH":"Sveta Helena","LC":"Sveta Lucija","KN":"Sveti Kristofor i Nevis","ST":"Sveti Toma i Princip","VC":"Sveti Vincent i Grenadini","ES":"\u0160panjolska","LK":"\u0160ri Lanka","SE":"\u0160vedska","CH":"\u0160vicarska","TJ":"Tad\u017eikistan","TH":"Tajland","TW":"Tajvan","TZ":"Tanzanija","TL":"Timor-Leste","TG":"Togo","TK":"Tokelau","TO":"Tonga","TT":"Trinidad i Tobago","TN":"Tunis","TM":"Turkmenistan","TR":"Turska","TV":"Tuvalu","UG":"Uganda","AE":"Ujedinjeni Arapski Emirati","GB":"Ujedinjeno Kraljevstvo","UA":"Ukrajina","UY":"Urugvaj","UZ":"Uzbekistan","VU":"Vanuatu","VA":"Vatikanski Grad","VE":"Venezuela","VN":"Vijetnam","WF":"Wallis i Futuna","ZM":"Zambija","EH":"Zapadna Sahara","CV":"Zelenortska Republika","ZW":"Zimbabve"}