{"AF":"Afganistan","AL":"Albania","DZ":"Algieria","AD":"Andora","AO":"Angola","AI":"Anguilla","AQ":"Antarktyda","AG":"Antigua i Barbuda","SA":"Arabia Saudyjska","AR":"Argentyna","AM":"Armenia","AW":"Aruba","AU":"Australia","AT":"Austria","AZ":"Azerbejd\u017can","BS":"Bahamy","BH":"Bahrajn","BD":"Bangladesz","BB":"Barbados","BE":"Belgia","BZ":"Belize","BJ":"Benin","BM":"Bermudy","BT":"Bhutan","BY":"Bia\u0142oru\u015b","BO":"Boliwia","BA":"Bo\u015bnia i Hercegowina","BW":"Botswana","BR":"Brazylia","BN":"Brunei","IO":"Brytyjskie Terytorium Oceanu Indyjskiego","VG":"Brytyjskie Wyspy Dziewicze","BG":"Bu\u0142garia","BF":"Burkina Faso","BI":"Burundi","CL":"Chile","CN":"Chiny","HR":"Chorwacja","CI":"C\u00f4te d\u2019Ivoire","CW":"Cura\u00e7ao","CY":"Cypr","TD":"Czad","ME":"Czarnog\u00f3ra","CZ":"Czechy","UM":"Dalekie Wyspy Mniejsze Stan\u00f3w Zjednoczonych","DK":"Dania","CD":"Demokratyczna Republika Konga","DM":"Dominika","DO":"Dominikana","DJ":"D\u017cibuti","EG":"Egipt","EC":"Ekwador","ER":"Erytrea","EE":"Estonia","SZ":"Eswatini","ET":"Etiopia","FK":"Falklandy","FJ":"Fid\u017ci","PH":"Filipiny","FI":"Finlandia","FR":"Francja","TF":"Francuskie Terytoria Po\u0142udniowe i Antarktyczne","GA":"Gabon","GM":"Gambia","GS":"Georgia Po\u0142udniowa i Sandwich Po\u0142udniowy","GH":"Ghana","GI":"Gibraltar","GR":"Grecja","GD":"Grenada","GL":"Grenlandia","GE":"Gruzja","GU":"Guam","GG":"Guernsey","GY":"Gujana","GF":"Gujana Francuska","GP":"Gwadelupa","GT":"Gwatemala","GN":"Gwinea","GW":"Gwinea Bissau","GQ":"Gwinea R\u00f3wnikowa","HT":"Haiti","ES":"Hiszpania","NL":"Holandia","HN":"Honduras","IN":"Indie","ID":"Indonezja","IQ":"Irak","IR":"Iran","IE":"Irlandia","IS":"Islandia","IL":"Izrael","JM":"Jamajka","JP":"Japonia","YE":"Jemen","JE":"Jersey","JO":"Jordania","KY":"Kajmany","KH":"Kambod\u017ca","CM":"Kamerun","CA":"Kanada","QA":"Katar","KZ":"Kazachstan","KE":"Kenia","KG":"Kirgistan","KI":"Kiribati","CO":"Kolumbia","KM":"Komory","CG":"Kongo","KR":"Korea Po\u0142udniowa","KP":"Korea P\u00f3\u0142nocna","CR":"Kostaryka","CU":"Kuba","KW":"Kuwejt","LA":"Laos","LS":"Lesotho","LB":"Liban","LR":"Liberia","LY":"Libia","LI":"Liechtenstein","LT":"Litwa","LU":"Luksemburg","LV":"\u0141otwa","MK":"Macedonia P\u00f3\u0142nocna","MG":"Madagaskar","YT":"Majotta","MW":"Malawi","MV":"Malediwy","MY":"Malezja","ML":"Mali","MT":"Malta","MP":"Mariany P\u00f3\u0142nocne","MA":"Maroko","MQ":"Martynika","MR":"Mauretania","MU":"Mauritius","MX":"Meksyk","FM":"Mikronezja","MM":"Mjanma (Birma)","MD":"Mo\u0142dawia","MC":"Monako","MN":"Mongolia","MS":"Montserrat","MZ":"Mozambik","NA":"Namibia","NR":"Nauru","NP":"Nepal","BQ":"Niderlandy Karaibskie","DE":"Niemcy","NE":"Niger","NG":"Nigeria","NI":"Nikaragua","NU":"Niue","NF":"Norfolk","NO":"Norwegia","NC":"Nowa Kaledonia","NZ":"Nowa Zelandia","OM":"Oman","PK":"Pakistan","PW":"Palau","PA":"Panama","PG":"Papua-Nowa Gwinea","PY":"Paragwaj","PE":"Peru","PN":"Pitcairn","PF":"Polinezja Francuska","PL":"Polska","PR":"Portoryko","PT":"Portugalia","ZA":"Republika Po\u0142udniowej Afryki","CF":"Republika \u015arodkowoafryka\u0144ska","CV":"Republika Zielonego Przyl\u0105dka","RE":"Reunion","RU":"Rosja","RO":"Rumunia","RW":"Rwanda","EH":"Sahara Zachodnia","KN":"Saint Kitts i Nevis","LC":"Saint Lucia","VC":"Saint Vincent i Grenadyny","BL":"Saint-Barth\u00e9lemy","MF":"Saint-Martin","PM":"Saint-Pierre i Miquelon","SV":"Salwador","WS":"Samoa","AS":"Samoa Ameryka\u0144skie","SM":"San Marino","SN":"Senegal","RS":"Serbia","SC":"Seszele","SL":"Sierra Leone","SG":"Singapur","SX":"Sint Maarten","SK":"S\u0142owacja","SI":"S\u0142owenia","SO":"Somalia","HK":"SRA Hongkong (Chiny)","MO":"SRA Makau (Chiny)","LK":"Sri Lanka","US":"Stany Zjednoczone","SD":"Sudan","SS":"Sudan Po\u0142udniowy","SR":"Surinam","SJ":"Svalbard i Jan Mayen","SY":"Syria","CH":"Szwajcaria","SE":"Szwecja","TJ":"Tad\u017cykistan","TH":"Tajlandia","TW":"Tajwan","TZ":"Tanzania","PS":"Terytoria Palesty\u0144skie","TL":"Timor Wschodni","TG":"Togo","TK":"Tokelau","TO":"Tonga","TT":"Trynidad i Tobago","TN":"Tunezja","TR":"Turcja","TM":"Turkmenistan","TC":"Turks i Caicos","TV":"Tuvalu","UG":"Uganda","UA":"Ukraina","UY":"Urugwaj","UZ":"Uzbekistan","VU":"Vanuatu","WF":"Wallis i Futuna","VA":"Watykan","VE":"Wenezuela","HU":"W\u0119gry","GB":"Wielka Brytania","VN":"Wietnam","IT":"W\u0142ochy","BV":"Wyspa Bouveta","CX":"Wyspa Bo\u017cego Narodzenia","IM":"Wyspa Man","SH":"Wyspa \u015awi\u0119tej Heleny","AX":"Wyspy Alandzkie","CK":"Wyspy Cooka","VI":"Wyspy Dziewicze Stan\u00f3w Zjednoczonych","HM":"Wyspy Heard i McDonalda","CC":"Wyspy Kokosowe","MH":"Wyspy Marshalla","FO":"Wyspy Owcze","SB":"Wyspy Salomona","ST":"Wyspy \u015awi\u0119tego Tomasza i Ksi\u0105\u017c\u0119ca","ZM":"Zambia","ZW":"Zimbabwe","AE":"Zjednoczone Emiraty Arabskie"}