{"IE":"\u0d85\u0dba\u0dbb\u0dca\u0dbd\u0db1\u0dca\u0dad\u0dba","IM":"\u0d85\u0dba\u0dd2\u0dbd\u0dca \u0d94\u0dc6\u0dca \u0db8\u0dd1\u0db1\u0dca","IS":"\u0d85\u0dba\u0dd2\u0dc3\u0dca\u0dbd\u0db1\u0dca\u0dad\u0dba","AW":"\u0d85\u0dbb\u0dd6\u0db6\u0dcf","AZ":"\u0d85\u0dc3\u0dbb\u0dca\u0db6\u0dba\u0dd2\u0da2\u0dcf\u0db1\u0dba","AR":"\u0d86\u0dbb\u0dca\u0da2\u0dd9\u0db1\u0dca\u0da7\u0dd2\u0db1\u0dcf\u0dc0","AM":"\u0d86\u0dbb\u0dca\u0db8\u0dda\u0db1\u0dd2\u0dba\u0dcf\u0dc0","AI":"\u0d87\u0db1\u0dca\u0d9c\u0dd4\u0dba\u0dd2\u0dbd\u0dcf\u0dc0","AO":"\u0d87\u0db1\u0dca\u0d9c\u0ddd\u0dbd\u0dcf\u0dc0","AQ":"\u0d87\u0db1\u0dca\u0da7\u0dcf\u0d9a\u0dca\u0da7\u0dd2\u0d9a\u0dcf\u0dc0","AG":"\u0d87\u0db1\u0dca\u0da7\u0dd2\u0d9c\u0dd4\u0dc0\u0dcf \u0dc3\u0dc4 \u0db6\u0dcf\u0db6\u0dd2\u0dba\u0dd4\u0da9\u0dcf\u0dc0","AD":"\u0d87\u0db1\u0dca\u0da9\u0ddd\u0dbb\u0dcf\u0dc0","VI":"\u0d87\u0db8\u0dbb\u0dd2\u0d9a\u0dcf\u0db1\u0dd4 \u0dc0\u0dbb\u0dca\u0da2\u0dd2\u0db1\u0dca \u0daf\u0dd6\u0db4\u0dad\u0dca","AS":"\u0d87\u0db8\u0dbb\u0dd2\u0d9a\u0dcf\u0db1\u0dd4 \u0dc3\u0dd0\u0db8\u0ddd\u0dc0\u0dcf","DZ":"\u0d87\u0dbd\u0dca\u0da2\u0dd3\u0dbb\u0dd2\u0dba\u0dcf\u0dc0","AL":"\u0d87\u0dbd\u0dca\u0db6\u0dda\u0db1\u0dd2\u0dba\u0dcf\u0dc0","AF":"\u0d87\u0dc6\u0dca\u0d9c\u0db1\u0dd2\u0dc3\u0dca\u0dae\u0dcf\u0db1\u0dba","EC":"\u0d89\u0d9a\u0dca\u0dc0\u0daf\u0ddd\u0dbb\u0dba","IT":"\u0d89\u0dad\u0dcf\u0dbd\u0dd2\u0dba","ET":"\u0d89\u0dad\u0dd2\u0dba\u0ddd\u0db4\u0dd2\u0dba\u0dcf\u0dc0","IN":"\u0d89\u0db1\u0dca\u0daf\u0dd2\u0dba\u0dcf\u0dc0","ID":"\u0d89\u0db1\u0dca\u0daf\u0dd4\u0db1\u0dd3\u0dc3\u0dd2\u0dba\u0dcf\u0dc0","IQ":"\u0d89\u0dbb\u0dcf\u0d9a\u0dba","IR":"\u0d89\u0dbb\u0dcf\u0db1\u0dba","EG":"\u0d8a\u0da2\u0dd2\u0db4\u0dca\u0dad\u0dd4\u0dc0","IL":"\u0d8a\u0dc1\u0dca\u200d\u0dbb\u0dcf\u0dba\u0dbd\u0dba","UG":"\u0d8b\u0d9c\u0db1\u0dca\u0da9\u0dcf\u0dc0","KP":"\u0d8b\u0dad\u0dd4\u0dbb\u0dd4 \u0d9a\u0ddc\u0dbb\u0dd2\u0dba\u0dcf\u0dc0","MP":"\u0d8b\u0dad\u0dd4\u0dbb\u0dd4 \u0db8\u0dbb\u0dd2\u0dba\u0dcf\u0db1\u0dcf \u0daf\u0dd6\u0db4\u0dad\u0dca","MK":"\u0d8b\u0dad\u0dd4\u0dbb\u0dd4 \u0db8\u0dd0\u0dc3\u0dd2\u0da9\u0ddd\u0db1\u0dd2\u0dba\u0dcf\u0dc0","UY":"\u0d8b\u0dbb\u0dd4\u0d9c\u0dd4\u0dc0\u0dda","UZ":"\u0d8b\u0dc3\u0dca\u0db6\u0dd9\u0d9a\u0dd2\u0dc3\u0dca\u0dae\u0dcf\u0db1\u0dba","AE":"\u0d91\u0d9a\u0dca\u0dc3\u0dad\u0dca \u0d85\u0dbb\u0dcf\u0db6\u0dd2 \u0d91\u0db8\u0dd2\u0dbb\u0dca \u0dbb\u0dcf\u0da2\u0dca\u200d\u0dba\u0dba","UM":"\u0d91\u0d9a\u0dca\u0dc3\u0dad\u0dca \u0da2\u0db1\u0db4\u0daf \u0d88\u0dad \u0daf\u0dd6\u0db4\u0dad\u0dca","US":"\u0d91\u0d9a\u0dca\u0dc3\u0dad\u0dca \u0da2\u0db1\u0db4\u0daf\u0dba","GB":"\u0d91\u0d9a\u0dca\u0dc3\u0dad\u0dca \u0dbb\u0dcf\u0da2\u0db0\u0dcf\u0db1\u0dd2\u0dba","ER":"\u0d91\u0dbb\u0dd2\u0dad\u0dca\u200d\u0dbb\u0dd2\u0dba\u0dcf\u0dc0","SV":"\u0d91\u0dbd\u0dca \u0dc3\u0dd0\u0dbd\u0dca\u0dc0\u0daf\u0ddd\u0dbb\u0dba","EE":"\u0d91\u0dc3\u0dca\u0dad\u0ddd\u0db1\u0dd2\u0dba\u0dcf\u0dc0","SZ":"\u0d91\u0dc3\u0dca\u0dc0\u0dcf\u0da7\u0dd2\u0db1\u0dd2","AT":"\u0d94\u0dc3\u0dca\u0da7\u0dca\u200d\u0dbb\u0dd2\u0dba\u0dcf\u0dc0","OM":"\u0d95\u0db8\u0dcf\u0db1\u0dba","AX":"\u0d95\u0dbd\u0db1\u0dca\u0da9\u0dca \u0daf\u0dd6\u0db4\u0dad\u0dca","AU":"\u0d95\u0dc3\u0dca\u0da7\u0dca\u200d\u0dbb\u0dda\u0dbd\u0dd2\u0dba\u0dcf\u0dc0","QA":"\u0d9a\u0da7\u0dcf\u0dbb\u0dca","KZ":"\u0d9a\u0dc3\u0d9a\u0dc3\u0dca\u0dad\u0dcf\u0db1\u0dba","KH":"\u0d9a\u0dcf\u0db8\u0dca\u0db6\u0ddd\u0da2\u0dba","CA":"\u0d9a\u0dd0\u0db1\u0da9\u0dcf\u0dc0","CM":"\u0d9a\u0dd0\u0db8\u0dbb\u0dd6\u0db1\u0dca","BQ":"\u0d9a\u0dd0\u0dbb\u0dd2\u0db6\u0dd2\u0dba\u0dcf\u0db1\u0dd4 \u0db1\u0dd9\u0daf\u0dbb\u0dca\u0dbd\u0db1\u0dca\u0dad\u0dba","CU":"\u0d9a\u0dd2\u0dba\u0dd4\u0db6\u0dcf\u0dc0","KI":"\u0d9a\u0dd2\u0dbb\u0dd2\u0db6\u0dad\u0dd2","KG":"\u0d9a\u0dd2\u0dbb\u0dca\u0d9c\u0dd2\u0dc3\u0dca\u0dad\u0dcf\u0db1\u0dba","CK":"\u0d9a\u0dd4\u0d9a\u0dca \u0daf\u0dd6\u0db4\u0dad\u0dca","CW":"\u0d9a\u0dd4\u0dbb\u0d9a\u0dcf\u0dc0\u0ddd","KW":"\u0d9a\u0dd4\u0dc0\u0dda\u0da7\u0dba","KE":"\u0d9a\u0dd9\u0db1\u0dca\u0dba\u0dcf\u0dc0","CV":"\u0d9a\u0dda\u0db4\u0dca \u0dc0\u0dbb\u0dca\u0da9\u0dca","KY":"\u0d9a\u0dda\u0db8\u0db1\u0dca \u0daf\u0dd6\u0db4\u0dad\u0dca","CG":"\u0d9a\u0ddc\u0d82\u0d9c\u0ddc - \u0db6\u0dca\u200d\u0dbb\u0dc3\u0dcf\u0dc0\u0dd2\u0dbd\u0dca","CD":"\u0d9a\u0ddc\u0d82\u0d9c\u0ddd\u0dc0 (\u0da9\u0dd3\u0d86\u0dbb\u0dca\u0dc3\u0dd3)","CC":"\u0d9a\u0ddc\u0d9a\u0ddd\u0dc3\u0dca \u0daf\u0dd6\u0db4\u0dad\u0dca","KM":"\u0d9a\u0ddc\u0db8\u0ddc\u0dbb\u0ddd\u0dc3\u0dca","CR":"\u0d9a\u0ddc\u0dc3\u0dca\u0da7\u0dbb\u0dd2\u0d9a\u0dcf\u0dc0","CO":"\u0d9a\u0ddc\u0dc5\u0ddc\u0db8\u0dca\u0db6\u0dd2\u0dba\u0dcf\u0dc0","CI":"\u0d9a\u0ddd\u0da7\u0dca \u0daf\u0dd2 \u0d85\u0dba\u0dd2\u0dc0\u0dbb\u0dd2","CX":"\u0d9a\u0dca\u200d\u0dbb\u0dd2\u0dc3\u0dca\u0db8\u0dc3\u0dca \u0daf\u0dd6\u0db4\u0dad","HR":"\u0d9a\u0dca\u200d\u0dbb\u0ddc\u0d92\u0dc2\u0dd2\u0dba\u0dcf\u0dc0","GY":"\u0d9c\u0dba\u0db1\u0dcf\u0dc0","GG":"\u0d9c\u0dbb\u0dca\u0db1\u0dca\u0dc3\u0dd2\u0dba","GA":"\u0d9c\u0dd0\u0db6\u0ddc\u0db1\u0dca","GM":"\u0d9c\u0dd0\u0db8\u0dca\u0db6\u0dd2\u0dba\u0dcf\u0dc0","GN":"\u0d9c\u0dd2\u0dab\u0dd2\u0dba\u0dcf\u0dc0","GW":"\u0d9c\u0dd2\u0db1\u0dd2 \u0db6\u0dd2\u0dc3\u0dc0\u0dca","GU":"\u0d9c\u0dd4\u0dc0\u0dcf\u0db8\u0dca","GT":"\u0d9c\u0ddd\u0dad\u0db8\u0dcf\u0dbd\u0dcf\u0dc0","GD":"\u0d9c\u0dca\u200d\u0dbb\u0dd0\u0db1\u0da9\u0dcf\u0dc0","GL":"\u0d9c\u0dca\u200d\u0dbb\u0dd3\u0db1\u0dca\u0dbd\u0db1\u0dca\u0dad\u0dba","GR":"\u0d9c\u0dca\u200d\u0dbb\u0dd3\u0dc3\u0dd2\u0dba","GP":"\u0d9c\u0dca\u0dc0\u0ddd\u0da9\u0dbd\u0ddd\u0db4\u0dca","GH":"\u0d9d\u0dcf\u0db1\u0dcf\u0dc0","TD":"\u0da0\u0dd0\u0da0\u0dca","CL":"\u0da0\u0dd2\u0dbd\u0dd3","CN":"\u0da0\u0dd3\u0db1\u0dba","CZ":"\u0da0\u0dd9\u0da0\u0dd2\u0dba\u0dcf\u0dc0","JP":"\u0da2\u0db4\u0dcf\u0db1\u0dba","DE":"\u0da2\u0dbb\u0dca\u0db8\u0db1\u0dd2\u0dba","JE":"\u0da2\u0dbb\u0dca\u0dc3\u0dd2","JM":"\u0da2\u0dd0\u0db8\u0dd9\u0dba\u0dd2\u0d9a\u0dcf\u0dc0","DJ":"\u0da2\u0dd2\u0db6\u0dd4\u0da7\u0dd2","GI":"\u0da2\u0dd2\u0db6\u0dca\u200d\u0dbb\u0ddd\u0dbd\u0dca\u0da7\u0dcf\u0dc0","GE":"\u0da2\u0ddd\u0dbb\u0dca\u0da2\u0dd2\u0dba\u0dcf\u0dc0","JO":"\u0da2\u0ddd\u0dbb\u0dca\u0daf\u0dcf\u0db1\u0dba","TJ":"\u0da7\u0da2\u0dd2\u0d9a\u0dd2\u0dc3\u0dca\u0dad\u0dcf\u0db1\u0dba","TM":"\u0da7\u0dbb\u0dca\u0d9a\u0dca\u0db8\u0dd9\u0db1\u0dd2\u0dc3\u0dca\u0dae\u0dcf\u0db1\u0dba","TC":"\u0da7\u0dbb\u0dca\u0d9a\u0dca\u0dc3\u0dca \u0dc3\u0dc4 \u0d9a\u0dba\u0dd2\u0d9a\u0ddc\u0dc3\u0dca \u0daf\u0dd6\u0db4\u0dad\u0dca","TZ":"\u0da7\u0dd0\u0db1\u0dca\u0dc3\u0dcf\u0db1\u0dd2\u0dba\u0dcf\u0dc0","TL":"\u0da7\u0dd2\u0db8\u0ddd\u0dbb\u0dca - \u0dbd\u0dd9\u0dc3\u0dca\u0dad\u0dca","TN":"\u0da7\u0dd2\u0dba\u0dd4\u0db1\u0dd3\u0dc3\u0dd2\u0dba\u0dcf\u0dc0","TV":"\u0da7\u0dd4\u0dc0\u0dcf\u0dbd\u0dd6","TO":"\u0da7\u0ddc\u0d82\u0d9c\u0dcf","TK":"\u0da7\u0ddc\u0d9a\u0dbd\u0dcf\u0dc0\u0dd4","TG":"\u0da7\u0ddc\u0d9c\u0ddd","TT":"\u0da7\u0dca\u200d\u0dbb\u0dd2\u0db1\u0dd2\u0da9\u0dd1\u0da9\u0dca \u0dc3\u0dc4 \u0da7\u0ddc\u0db6\u0dd0\u0d9c\u0ddd","DK":"\u0da9\u0dd9\u0db1\u0dca\u0db8\u0dcf\u0dbb\u0dca\u0d9a\u0dba","DO":"\u0da9\u0ddc\u0db8\u0dd2\u0db1\u0dd2\u0d9a\u0dcf \u0da2\u0db1\u0dbb\u0da2\u0dba","DM":"\u0da9\u0ddc\u0db8\u0dd2\u0db1\u0dd2\u0d9a\u0dcf\u0dc0","TH":"\u0dad\u0dcf\u0dba\u0dd2\u0dbd\u0db1\u0dca\u0dad\u0dba","TW":"\u0dad\u0dcf\u0dba\u0dd2\u0dc0\u0dcf\u0db1\u0dba","TR":"\u0dad\u0dd4\u0dbb\u0dca\u0d9a\u0dd2\u0dba","ZA":"\u0daf\u0d9a\u0dd4\u0dab\u0dd4 \u0d85\u0db4\u0dca\u200d\u0dbb\u0dd2\u0d9a\u0dcf\u0dc0","KR":"\u0daf\u0d9a\u0dd4\u0dab\u0dd4 \u0d9a\u0ddc\u0dbb\u0dd2\u0dba\u0dcf\u0dc0","GS":"\u0daf\u0d9a\u0dd4\u0dab\u0dd4 \u0da2\u0ddd\u0dbb\u0dca\u0da2\u0dd2\u0dba\u0dcf\u0dc0 \u0dc3\u0dc4 \u0daf\u0d9a\u0dd4\u0dab\u0dd4 \u0dc3\u0dd0\u0db1\u0dca\u0da9\u0dca\u0dc0\u0dd2\u0da0\u0dca \u0daf\u0dd6\u0db4\u0dad\u0dca","TF":"\u0daf\u0d9a\u0dd4\u0dab\u0dd4 \u0db4\u0dca\u200d\u0dbb\u0d82\u0dc1 \u0daf\u0dd6\u0db4\u0dad\u0dca \u0dc3\u0db8\u0dd6\u0dc4\u0dba","SS":"\u0daf\u0d9a\u0dd4\u0dab\u0dd4 \u0dc3\u0dd4\u0da9\u0dcf\u0db1\u0dba","NE":"\u0db1\u0dba\u0dd2\u0da2\u0dbb\u0dca","NG":"\u0db1\u0dba\u0dd2\u0da2\u0dd3\u0dbb\u0dd2\u0dba\u0dcf\u0dc0","NC":"\u0db1\u0dc0 \u0d9a\u0dd0\u0dbd\u0dd2\u0da9\u0ddd\u0db1\u0dd2\u0dba\u0dcf\u0dc0","NZ":"\u0db1\u0dc0\u0dc3\u0dd3\u0dbd\u0db1\u0dca\u0dad\u0dba","NR":"\u0db1\u0dcf\u0dc0\u0dd4\u0dbb\u0dd4","NA":"\u0db1\u0dd0\u0db8\u0dd3\u0db6\u0dd2\u0dba\u0dcf\u0dc0","NI":"\u0db1\u0dd2\u0d9a\u0dbb\u0d9c\u0dd4\u0dc0\u0dcf\u0dc0","NU":"\u0db1\u0dd2\u0dba\u0dd6","NL":"\u0db1\u0dd9\u0daf\u0dbb\u0dca\u0dbd\u0db1\u0dca\u0dad\u0dba","NP":"\u0db1\u0dda\u0db4\u0dcf\u0dbd\u0dba","NO":"\u0db1\u0ddd\u0dbb\u0dca\u0dc0\u0dda","NF":"\u0db1\u0ddd\u0dc6\u0ddd\u0d9a\u0dca \u0daf\u0dd6\u0db4\u0dad","PS":"\u0db4\u0dbd\u0dc3\u0dca\u0dad\u0dd3\u0db1 \u0dbb\u0dcf\u0da2\u0dca\u200d\u0dba\u0dba","PW":"\u0db4\u0dbd\u0dcf\u0dc0\u0dd4","PK":"\u0db4\u0dcf\u0d9a\u0dd2\u0dc3\u0dca\u0dad\u0dcf\u0db1\u0dba","PA":"\u0db4\u0dd0\u0db1\u0db8\u0dcf\u0dc0","PG":"\u0db4\u0dd0\u0db4\u0dd4\u0dc0\u0dcf \u0db1\u0dd2\u0dc0\u0dca \u0d9c\u0dd2\u0db1\u0dd2\u0dba\u0dcf\u0dc0","PY":"\u0db4\u0dd0\u0dbb\u0d9c\u0dd4\u0dc0\u0dda","PN":"\u0db4\u0dd2\u0da7\u0dca\u0d9a\u0dd9\u0dba\u0dca\u0db1\u0dca \u0daf\u0dd6\u0db4\u0dad\u0dca","PH":"\u0db4\u0dd2\u0dbd\u0dd2\u0db4\u0dd3\u0db1\u0dba","PR":"\u0db4\u0dd4\u0dc0\u0dbb\u0dca\u0da7\u0ddd \u0dbb\u0dd2\u0d9a\u0ddd","PT":"\u0db4\u0dd8\u0dad\u0dd4\u0d9c\u0dcf\u0dbd\u0dba","PE":"\u0db4\u0dda\u0dbb\u0dd4","PL":"\u0db4\u0ddd\u0dbd\u0db1\u0dca\u0dad\u0dba","GF":"\u0db4\u0dca\u200d\u0dbb\u0d82\u0dc1 \u0d9c\u0dba\u0db1\u0dcf\u0dc0","PF":"\u0db4\u0dca\u200d\u0dbb\u0d82\u0dc1 \u0db4\u0ddc\u0dbd\u0dd2\u0db1\u0dd3\u0dc3\u0dd2\u0dba\u0dcf\u0dc0","FR":"\u0db4\u0dca\u200d\u0dbb\u0d82\u0dc1\u0dba","BD":"\u0db6\u0d82\u0d9c\u0dca\u0dbd\u0dcf\u0daf\u0dda\u0dc1\u0dba","EH":"\u0db6\u0da7\u0dc4\u0dd2\u0dbb \u0dc3\u0dc4\u0dbb\u0dcf\u0dc0","BF":"\u0db6\u0dbb\u0dca\u0d9a\u0dd2\u0db1\u0dcf \u0dc6\u0dcf\u0dc3\u0ddd","BM":"\u0db6\u0dbb\u0dca\u0db8\u0dd2\u0dba\u0dd4\u0da9\u0dcf","BG":"\u0db6\u0dbd\u0dca\u0d9c\u0dda\u0dbb\u0dd2\u0dba\u0dcf\u0dc0","BS":"\u0db6\u0dc4\u0db8\u0dcf\u0dc3\u0dca","BH":"\u0db6\u0dc4\u0dbb\u0dda\u0db1\u0dca","BB":"\u0db6\u0dcf\u0db6\u0da9\u0ddd\u0dc3\u0dca","BI":"\u0db6\u0dd4\u0dbb\u0dd4\u0db1\u0dca\u0daf\u0dd2","BV":"\u0db6\u0dd4\u0dc0\u0da7\u0dca \u0daf\u0dd4\u0db4\u0dad\u0dca","BN":"\u0db6\u0df2\u0db1\u0dcf\u0dba\u0dd2","BJ":"\u0db6\u0dd9\u0db1\u0dd2\u0db1\u0dca","BY":"\u0db6\u0dd9\u0dbd\u0dbb\u0dd4\u0dc3\u0dca","BZ":"\u0db6\u0dd9\u0dbd\u0dd3\u0dc3\u0dca","BE":"\u0db6\u0dd9\u0dbd\u0dca\u0da2\u0dd2\u0dba\u0db8","BW":"\u0db6\u0ddc\u0da7\u0dca\u0dc3\u0dca\u0dc0\u0dcf\u0db1\u0dcf","BO":"\u0db6\u0ddc\u0dbd\u0dd3\u0dc0\u0dd2\u0dba\u0dcf\u0dc0","BA":"\u0db6\u0ddc\u0dc3\u0dca\u0db1\u0dd2\u0dba\u0dcf\u0dc0 \u0dc3\u0dc4 \u0dc4\u0dbb\u0dca\u0dc3\u0d9c\u0ddc\u0dc0\u0dd3\u0db1\u0dcf\u0dc0","BR":"\u0db6\u0dca\u200d\u0dbb\u0dc3\u0dd3\u0dbd\u0dba","IO":"\u0db6\u0dca\u200d\u0dbb\u0dd2\u0dad\u0dcf\u0db1\u0dca\u200d\u0dba \u0d89\u0db1\u0dca\u0daf\u0dd3\u0dba \u0dc3\u0dcf\u0d9c\u0dbb \u0db6\u0dbd \u0db4\u0dca\u200d\u0dbb\u0daf\u0dda\u0dc1\u0dba","VG":"\u0db6\u0dca\u200d\u0dbb\u0dd2\u0dad\u0dcf\u0db1\u0dca\u200d\u0dba \u0dc0\u0dbb\u0dca\u0da2\u0dd2\u0db1\u0dca \u0daf\u0dd6\u0db4\u0dad\u0dca","BT":"\u0db7\u0dd6\u0dad\u0dcf\u0db1\u0dba","MO":"\u0db8\u0d9a\u0dcf\u0dc0\u0dd4 \u0d91\u0dc3\u0dca\u0d92\u0d86\u0dbb\u0dca","CF":"\u0db8\u0db0\u0dca\u200d\u0dba\u0db8 \u0d85\u0db4\u0dca\u200d\u0dbb\u0dd2\u0d9a\u0dcf\u0db1\u0dd4 \u0da2\u0db1\u0dbb\u0da2\u0dba","FM":"\u0db8\u0dba\u0dd2\u0d9a\u0dca\u200d\u0dbb\u0ddc\u0db1\u0dd3\u0dc3\u0dd2\u0dba\u0dcf\u0dc0","YT":"\u0db8\u0dba\u0ddd\u0da7\u0dca","MQ":"\u0db8\u0dbb\u0dca\u0da7\u0dd2\u0db1\u0dd2\u0d9a\u0dca","MW":"\u0db8\u0dbd\u0dcf\u0dc0\u0dd2","MV":"\u0db8\u0dcf\u0dbd \u0daf\u0dd2\u0dc0\u0dba\u0dd2\u0db1","ML":"\u0db8\u0dcf\u0dbd\u0dd2","MH":"\u0db8\u0dcf\u0dc2\u0dbd\u0dca \u0daf\u0dd6\u0db4\u0dad\u0dca","MG":"\u0db8\u0dd0\u0da9\u0d9c\u0dc3\u0dca\u0d9a\u0dbb\u0dba","MY":"\u0db8\u0dd0\u0dbd\u0dda\u0dc3\u0dd2\u0dba\u0dcf\u0dc0","MM":"\u0db8\u0dd2\u0dba\u0db1\u0dca\u0db8\u0dcf\u0dbb\u0dba (\u0db6\u0dd4\u0dbb\u0dd4\u0db8\u0dba)","MU":"\u0db8\u0dd4\u0dbb\u0dd4\u0dc3\u0dd2\u0dba","MX":"\u0db8\u0dd9\u0d9a\u0dca\u0dc3\u0dd2\u0d9a\u0ddd\u0dc0","MC":"\u0db8\u0ddc\u0db1\u0dcf\u0d9a\u0ddd\u0dc0","MN":"\u0db8\u0ddc\u0db1\u0dca\u0d9c\u0ddd\u0dbd\u0dd2\u0dba\u0dcf\u0dc0","ME":"\u0db8\u0ddc\u0db1\u0dca\u0da7\u0dd9\u0db1\u0dd3\u0d9c\u0dca\u200d\u0dbb\u0ddd","MS":"\u0db8\u0ddc\u0db1\u0dca\u0dc3\u0dd9\u0dbb\u0dcf\u0da7\u0dca","MR":"\u0db8\u0ddc\u0dbb\u0dd2\u0da7\u0dda\u0db1\u0dd2\u0dba\u0dcf\u0dc0","MA":"\u0db8\u0ddc\u0dbb\u0ddc\u0d9a\u0dca\u0d9a\u0ddd\u0dc0","MD":"\u0db8\u0ddc\u0dbd\u0dca\u0da9\u0ddd\u0dc0\u0dcf\u0dc0","MZ":"\u0db8\u0ddc\u0dc3\u0dd0\u0db8\u0dca\u0db6\u0dd2\u0d9a\u0dca","MT":"\u0db8\u0ddd\u0dbd\u0dca\u0da7\u0dcf\u0dc0","UA":"\u0dba\u0dd4\u0d9a\u0dca\u0dbb\u0dda\u0db1\u0dba","YE":"\u0dba\u0dda\u0db8\u0db1\u0dba","RE":"\u0dbb\u0dd3\u0dba\u0dd4\u0db1\u0dd2\u0dba\u0db1\u0dca","RO":"\u0dbb\u0dd4\u0db8\u0dda\u0db1\u0dd2\u0dba\u0dcf\u0dc0","RW":"\u0dbb\u0dd4\u0dc0\u0db1\u0dca\u0da9\u0dcf\u0dc0","RU":"\u0dbb\u0dd4\u0dc3\u0dd2\u0dba\u0dcf\u0dc0","LU":"\u0dbd\u0d9a\u0dca\u0dc1\u0db8\u0dca\u0db6\u0dbb\u0dca\u0d9c\u0dca","LR":"\u0dbd\u0dba\u0dd2\u0db6\u0dd3\u0dbb\u0dd2\u0dba\u0dcf\u0dc0","LA":"\u0dbd\u0dcf\u0d95\u0dc3\u0dba","LV":"\u0dbd\u0dd0\u0da7\u0dca\u0dc0\u0dd2\u0dba\u0dcf\u0dc0","LI":"\u0dbd\u0dd2\u0d9a\u0dca\u0da7\u0db1\u0dca\u0dc3\u0dca\u0da7\u0dba\u0dd2\u0db1\u0dca","LT":"\u0dbd\u0dd2\u0dad\u0dd4\u0dc0\u0dda\u0db1\u0dd2\u0dba\u0dcf\u0dc0","LY":"\u0dbd\u0dd2\u0db6\u0dd2\u0dba\u0dcf\u0dc0","LB":"\u0dbd\u0dd9\u0db6\u0db1\u0db1\u0dba","LS":"\u0dbd\u0dd9\u0dc3\u0dad\u0ddd","VA":"\u0dc0\u0dad\u0dd2\u0d9a\u0dcf\u0db1\u0dd4 \u0db1\u0d9c\u0dbb\u0dba","VU":"\u0dc0\u0db1\u0dd4\u0dc0\u0dcf\u0da7\u0dd4","WF":"\u0dc0\u0dd0\u0dbd\u0dd2\u0dc3\u0dca \u0dc3\u0dc4 \u0dc6\u0dd4\u0da7\u0dd4\u0db1\u0dcf","VN":"\u0dc0\u0dd2\u0dba\u0da7\u0dca\u0db1\u0dcf\u0db8\u0dba","VE":"\u0dc0\u0dd9\u0db1\u0dd2\u0dc3\u0dd2\u0dba\u0dd4\u0dbd\u0dcf\u0dc0","KN":"\u0dc1\u0dcf\u0db1\u0dca\u0dad \u0d9a\u0dd2\u0da7\u0dca\u0dc3\u0dca \u0dc3\u0dc4 \u0db1\u0dda\u0dc0\u0dd2\u0dc3\u0dca","PM":"\u0dc1\u0dcf\u0db1\u0dca\u0dad \u0db4\u0dd2\u0dba\u0dbb\u0dda \u0dc3\u0dc4 \u0db8\u0dd0\u0d9a\u0ddd\u0dbd\u0db1\u0dca","BL":"\u0dc1\u0dcf\u0db1\u0dca\u0dad \u0db6\u0dbb\u0dca\u0dad\u0dbd\u0dd9\u0db8\u0dd2","MF":"\u0dc1\u0dcf\u0db1\u0dca\u0dad \u0db8\u0dcf\u0dbb\u0dca\u0da7\u0dd2\u0db1\u0dca","SX":"\u0dc1\u0dcf\u0db1\u0dca\u0dad \u0db8\u0dcf\u0dbb\u0dca\u0da7\u0dd9\u0db1\u0dca","LC":"\u0dc1\u0dcf\u0db1\u0dca\u0dad \u0dbd\u0dd4\u0dc3\u0dd2\u0dba\u0dcf","VC":"\u0dc1\u0dcf\u0db1\u0dca\u0dad \u0dc0\u0dd2\u0db1\u0dca\u0dc3\u0db1\u0dca\u0da7\u0dca \u0dc3\u0dc4 \u0d9c\u0dca\u200d\u0dbb\u0dd9\u0db1\u0da9\u0dd2\u0db1\u0dca\u0dc3\u0dca","SH":"\u0dc1\u0dcf\u0db1\u0dca\u0dad \u0dc4\u0dd9\u0dbd\u0dda\u0db1\u0dcf","LK":"\u0dc1\u0dca\u200d\u0dbb\u0dd3 \u0dbd\u0d82\u0d9a\u0dcf\u0dc0","GQ":"\u0dc3\u0db8\u0d9a \u0d9c\u0dd2\u0db1\u0dd2\u0dba\u0dcf\u0dc0","CY":"\u0dc3\u0dba\u0dd2\u0db4\u0dca\u200d\u0dbb\u0dc3\u0dba","RS":"\u0dc3\u0dbb\u0dca\u0db6\u0dd2\u0dba\u0dcf\u0dc0","ST":"\u0dc3\u0dcf\u0d95 \u0dad\u0ddd\u0db8\u0dca \u0dc3\u0dc4 \u0db4\u0dca\u200d\u0dbb\u0dd2\u0db1\u0dca\u0dc3\u0dd2\u0db4\u0dca","SM":"\u0dc3\u0dd0\u0db1\u0dca \u0db8\u0dd0\u0dbb\u0dd2\u0db1\u0ddd","WS":"\u0dc3\u0dd0\u0db8\u0ddd\u0dc0\u0dcf","ZM":"\u0dc3\u0dd0\u0db8\u0dca\u0db6\u0dd2\u0dba\u0dcf\u0dc0","SG":"\u0dc3\u0dd2\u0d82\u0d9c\u0db4\u0dca\u0db4\u0dd6\u0dbb\u0dd4\u0dc0","ZW":"\u0dc3\u0dd2\u0db8\u0dca\u0db6\u0dcf\u0db6\u0dca\u0dc0\u0dda","SL":"\u0dc3\u0dd2\u0dba\u0dbb\u0dcf\u0dbd\u0dd2\u0dba\u0ddd\u0db1\u0dca","SY":"\u0dc3\u0dd2\u0dbb\u0dd2\u0dba\u0dcf\u0dc0","SC":"\u0dc3\u0dd3\u0dc1\u0dd9\u0dbd\u0dca\u0dc3\u0dca","SR":"\u0dc3\u0dd4\u0dbb\u0dd2\u0db1\u0dcf\u0db8\u0dba","SD":"\u0dc3\u0dd6\u0da9\u0dcf\u0db1\u0dba","SN":"\u0dc3\u0dd9\u0db1\u0d9c\u0dcf\u0dbd\u0dba","SB":"\u0dc3\u0ddc\u0dbd\u0db8\u0db1\u0dca \u0daf\u0dd6\u0db4\u0dad\u0dca","SO":"\u0dc3\u0ddd\u0db8\u0dcf\u0dbd\u0dd2\u0dba\u0dcf\u0dc0","SA":"\u0dc3\u0dde\u0daf\u0dd2 \u0d85\u0dbb\u0dcf\u0db6\u0dd2\u0dba","ES":"\u0dc3\u0dca\u0db4\u0dcf\u0da4\u0dca\u0da4\u0dba","SK":"\u0dc3\u0dca\u0dbd\u0ddd\u0dc0\u0dd0\u0d9a\u0dd2\u0dba\u0dcf\u0dc0","SI":"\u0dc3\u0dca\u0dbd\u0ddd\u0dc0\u0dda\u0db1\u0dd2\u0dba\u0dcf\u0dc0","CH":"\u0dc3\u0dca\u0dc0\u0dd2\u0dc3\u0dca\u0da7\u0dbb\u0dca\u0dbd\u0db1\u0dca\u0dad\u0dba","SE":"\u0dc3\u0dca\u0dc0\u0dd3\u0da9\u0db1\u0dba","SJ":"\u0dc3\u0dca\u0dc0\u0dd9\u0dbd\u0dca\u0db6\u0dbb\u0dca\u0da9\u0dca \u0dc3\u0dc4 \u0da2\u0dda\u0db1\u0dca \u0db8\u0dba\u0dda\u0db1\u0dca","HU":"\u0dc4\u0db1\u0dca\u0d9c\u0dda\u0dbb\u0dd2\u0dba\u0dcf\u0dc0","HT":"\u0dc4\u0dba\u0dd2\u0da7\u0dd2","HM":"\u0dc4\u0dbb\u0dca\u0da9\u0dca \u0daf\u0dd6\u0db4\u0dad \u0dc3\u0dc4 \u0db8\u0dd0\u0d9a\u0dca\u0da9\u0ddc\u0db1\u0dbd\u0dca\u0da9\u0dca \u0daf\u0dd6\u0db4\u0dad\u0dca","HK":"\u0dc4\u0ddc\u0d82\u0d9a\u0ddc\u0d82 \u0da0\u0dd3\u0db1 \u0dc0\u0dd2\u0dc1\u0dda\u0dc2 \u0db4\u0dbb\u0dd2\u0db4\u0dcf\u0dbd\u0db1 \u0d9a\u0dbd\u0dcf\u0db4\u0dba","HN":"\u0dc4\u0ddc\u0db1\u0dca\u0da9\u0dd4\u0dbb\u0dcf\u0dc3\u0dca","FO":"\u0dc6\u0dd0\u0dbb\u0ddd \u0daf\u0dd6\u0db4\u0dad\u0dca","FI":"\u0dc6\u0dd2\u0db1\u0dca\u0dbd\u0db1\u0dca\u0dad\u0dba","FJ":"\u0dc6\u0dd3\u0da2\u0dd3","FK":"\u0dc6\u0ddd\u0d9a\u0dca\u0dbd\u0db1\u0dca\u0dad \u0daf\u0dd6\u0db4\u0dad\u0dca"}