{"AF":"Afghanistan","AL":"Albanien","DZ":"Algeriet","VI":"Amerikanska Jungfru\u00f6arna","AS":"Amerikanska Samoa","AD":"Andorra","AO":"Angola","AI":"Anguilla","AQ":"Antarktis","AG":"Antigua och Barbuda","AR":"Argentina","AM":"Armenien","AW":"Aruba","AU":"Australien","AZ":"Azerbajdzjan","BS":"Bahamas","BH":"Bahrain","BD":"Bangladesh","BB":"Barbados","BE":"Belgien","BZ":"Belize","BJ":"Benin","BM":"Bermuda","BT":"Bhutan","BO":"Bolivia","BA":"Bosnien och Hercegovina","BW":"Botswana","BV":"Bouvet\u00f6n","BR":"Brasilien","VG":"Brittiska Jungfru\u00f6arna","IO":"Brittiska territoriet i Indiska oceanen","BN":"Brunei","BG":"Bulgarien","BF":"Burkina Faso","BI":"Burundi","KY":"Cayman\u00f6arna","CF":"Centralafrikanska republiken","CL":"Chile","CO":"Colombia","CK":"Cook\u00f6arna","CR":"Costa Rica","CW":"Cura\u00e7ao","CY":"Cypern","CI":"C\u00f4te d\u2019Ivoire","DK":"Danmark","DJ":"Djibouti","DM":"Dominica","DO":"Dominikanska republiken","EC":"Ecuador","EG":"Egypten","GQ":"Ekvatorialguinea","SV":"El Salvador","ER":"Eritrea","EE":"Estland","ET":"Etiopien","FK":"Falklands\u00f6arna","FJ":"Fiji","PH":"Filippinerna","FI":"Finland","FR":"Frankrike","GF":"Franska Guyana","PF":"Franska Polynesien","TF":"Franska sydterritorierna","FO":"F\u00e4r\u00f6arna","AE":"F\u00f6renade Arabemiraten","GA":"Gabon","GM":"Gambia","GE":"Georgien","GH":"Ghana","GI":"Gibraltar","GR":"Grekland","GD":"Grenada","GL":"Gr\u00f6nland","GP":"Guadeloupe","GU":"Guam","GT":"Guatemala","GG":"Guernsey","GN":"Guinea","GW":"Guinea-Bissau","GY":"Guyana","HT":"Haiti","HM":"Heard\u00f6n och McDonald\u00f6arna","HN":"Honduras","HK":"Hongkong","IN":"Indien","ID":"Indonesien","IQ":"Irak","IR":"Iran","IE":"Irland","IS":"Island","IM":"Isle of Man","IL":"Israel","IT":"Italien","JM":"Jamaica","JP":"Japan","YE":"Jemen","JE":"Jersey","JO":"Jordanien","CX":"Jul\u00f6n","KH":"Kambodja","CM":"Kamerun","CA":"Kanada","CV":"Kap Verde","BQ":"Karibiska Nederl\u00e4nderna","KZ":"Kazakstan","KE":"Kenya","CN":"Kina","KG":"Kirgizistan","KI":"Kiribati","CC":"Kokos\u00f6arna","KM":"Komorerna","CG":"Kongo-Brazzaville","CD":"Kongo-Kinshasa","HR":"Kroatien","CU":"Kuba","KW":"Kuwait","LA":"Laos","LS":"Lesotho","LV":"Lettland","LB":"Libanon","LR":"Liberia","LY":"Libyen","LI":"Liechtenstein","LT":"Litauen","LU":"Luxemburg","MO":"Macao","MG":"Madagaskar","MW":"Malawi","MY":"Malaysia","MV":"Maldiverna","ML":"Mali","MT":"Malta","MA":"Marocko","MH":"Marshall\u00f6arna","MQ":"Martinique","MR":"Mauretanien","MU":"Mauritius","YT":"Mayotte","MX":"Mexiko","FM":"Mikronesien","MZ":"Mo\u00e7ambique","MD":"Moldavien","MC":"Monaco","MN":"Mongoliet","ME":"Montenegro","MS":"Montserrat","MM":"Myanmar (Burma)","NA":"Namibia","NR":"Nauru","NL":"Nederl\u00e4nderna","NP":"Nepal","NI":"Nicaragua","NE":"Niger","NG":"Nigeria","NU":"Niue","KP":"Nordkorea","MK":"Nordmakedonien","MP":"Nordmarianerna","NF":"Norfolk\u00f6n","NO":"Norge","NC":"Nya Kaledonien","NZ":"Nya Zeeland","OM":"Oman","PK":"Pakistan","PW":"Palau","PS":"Palestinska territorierna","PA":"Panama","PG":"Papua Nya Guinea","PY":"Paraguay","PE":"Peru","PN":"Pitcairn\u00f6arna","PL":"Polen","PT":"Portugal","PR":"Puerto Rico","QA":"Qatar","RE":"R\u00e9union","RO":"Rum\u00e4nien","RW":"Rwanda","RU":"Ryssland","BL":"S:t Barth\u00e9lemy","SH":"S:t Helena","KN":"S:t Kitts och Nevis","LC":"S:t Lucia","PM":"S:t Pierre och Miquelon","VC":"S:t Vincent och Grenadinerna","MF":"Saint-Martin","SB":"Salomon\u00f6arna","WS":"Samoa","SM":"San Marino","ST":"S\u00e3o Tom\u00e9 och Pr\u00edncipe","SA":"Saudiarabien","CH":"Schweiz","SN":"Senegal","RS":"Serbien","SC":"Seychellerna","SL":"Sierra Leone","SG":"Singapore","SX":"Sint Maarten","SK":"Slovakien","SI":"Slovenien","SO":"Somalia","ES":"Spanien","LK":"Sri Lanka","GB":"Storbritannien","SD":"Sudan","SR":"Surinam","SJ":"Svalbard och Jan Mayen","SE":"Sverige","SZ":"Swaziland","ZA":"Sydafrika","GS":"Sydgeorgien och Sydsandwich\u00f6arna","KR":"Sydkorea","SS":"Sydsudan","SY":"Syrien","TJ":"Tadzjikistan","TW":"Taiwan","TZ":"Tanzania","TD":"Tchad","TH":"Thailand","CZ":"Tjeckien","TG":"Togo","TK":"Tokelau","TO":"Tonga","TT":"Trinidad och Tobago","TN":"Tunisien","TR":"Turkiet","TM":"Turkmenistan","TC":"Turks- och Caicos\u00f6arna","TV":"Tuvalu","DE":"Tyskland","UG":"Uganda","UA":"Ukraina","HU":"Ungern","UY":"Uruguay","US":"USA","UM":"USA:s yttre \u00f6ar","UZ":"Uzbekistan","VU":"Vanuatu","VA":"Vatikanstaten","VE":"Venezuela","VN":"Vietnam","BY":"Vitryssland","EH":"V\u00e4stsahara","WF":"Wallis- och Futuna\u00f6arna","ZM":"Zambia","ZW":"Zimbabwe","AX":"\u00c5land","AT":"\u00d6sterrike","TL":"\u00d6sttimor"}