{"TT":"\u5343\u91cc\u9054\u53ca\u6258\u5df4\u54e5","TR":"\u571f\u8033\u5176","TC":"\u571f\u514b\u65af\u53ca\u958b\u79d1\u65af\u7fa4\u5cf6","TM":"\u571f\u5eab\u66fc","BT":"\u4e0d\u4e39","CF":"\u4e2d\u975e\u5171\u548c\u570b","CN":"\u4e2d\u570b","HK":"\u4e2d\u570b\u9999\u6e2f\u7279\u5225\u884c\u653f\u5340","MO":"\u4e2d\u570b\u6fb3\u9580\u7279\u5225\u884c\u653f\u5340","DK":"\u4e39\u9ea5","EC":"\u5384\u74dc\u591a","ER":"\u5384\u5229\u5782\u4e9e","PG":"\u5df4\u5e03\u4e9e\u7d10\u5e7e\u5167\u4e9e","BR":"\u5df4\u897f","BB":"\u5df4\u8c9d\u591a","PY":"\u5df4\u62c9\u572d","BH":"\u5df4\u6797","BS":"\u5df4\u54c8\u99ac","PA":"\u5df4\u62ff\u99ac","PS":"\u5df4\u52d2\u65af\u5766\u81ea\u6cbb\u5340","PK":"\u5df4\u57fa\u65af\u5766","JP":"\u65e5\u672c","BE":"\u6bd4\u5229\u6642","JM":"\u7259\u8cb7\u52a0","IL":"\u4ee5\u8272\u5217","CA":"\u52a0\u62ff\u5927","GA":"\u52a0\u5f6d","MP":"\u5317\u99ac\u5229\u5b89\u7d0d\u7fa4\u5cf6","MK":"\u5317\u99ac\u5176\u9813","KP":"\u5317\u97d3","QA":"\u5361\u9054","CU":"\u53e4\u5df4","TW":"\u53f0\u7063","SZ":"\u53f2\u74e6\u5e1d\u5c3c","NE":"\u5c3c\u65e5","NI":"\u5c3c\u52a0\u62c9\u74dc","NP":"\u5c3c\u6cca\u723e","BF":"\u5e03\u5409\u7d0d\u6cd5\u7d22","BV":"\u5e03\u5a01\u5cf6","GP":"\u74dc\u5730\u6d1b\u666e","GT":"\u74dc\u5730\u99ac\u62c9","WF":"\u74e6\u5229\u65af\u7fa4\u5cf6\u548c\u5bcc\u5716\u90a3\u7fa4\u5cf6","GM":"\u7518\u6bd4\u4e9e","BY":"\u767d\u4fc4\u7f85\u65af","PN":"\u76ae\u7279\u80af\u7fa4\u5cf6","LT":"\u7acb\u9676\u5b9b","IQ":"\u4f0a\u62c9\u514b","IR":"\u4f0a\u6717","IS":"\u51b0\u5cf6","LI":"\u5217\u652f\u6566\u65af\u767b","HU":"\u5308\u7259\u5229","ID":"\u5370\u5c3c","IN":"\u5370\u5ea6","DJ":"\u5409\u5e03\u5730","KI":"\u5409\u91cc\u5df4\u65af","KG":"\u5409\u723e\u5409\u65af","TV":"\u5410\u74e6\u9b6f","DM":"\u591a\u7c73\u5c3c\u514b","DO":"\u591a\u660e\u5c3c\u52a0\u5171\u548c\u570b","TG":"\u591a\u54e5","AG":"\u5b89\u5730\u5361\u53ca\u5df4\u5e03\u9054","AI":"\u5b89\u594e\u62c9","AO":"\u5b89\u54e5\u62c9","AD":"\u5b89\u9053\u723e","TK":"\u6258\u514b\u52de\u7fa4\u5cf6","BM":"\u767e\u6155\u9054","ET":"\u8863\u7d22\u6bd4\u4e9e","ES":"\u897f\u73ed\u7259","EH":"\u897f\u6492\u54c8\u62c9","HR":"\u514b\u7f85\u57c3\u897f\u4e9e","LY":"\u5229\u6bd4\u4e9e","HN":"\u5b8f\u90fd\u62c9\u65af","GR":"\u5e0c\u81d8","BN":"\u6c76\u840a","SA":"\u6c99\u70cf\u5730\u963f\u62c9\u4f2f","BZ":"\u8c9d\u91cc\u65af","BJ":"\u8c9d\u5357","GQ":"\u8d64\u9053\u5e7e\u5167\u4e9e","ZW":"\u8f9b\u5df4\u5a01","AM":"\u4e9e\u7f8e\u5c3c\u4e9e","AZ":"\u4e9e\u585e\u62dc\u7136","TZ":"\u5766\u5c1a\u5c3c\u4e9e","NG":"\u5948\u53ca\u5229\u4e9e","VE":"\u59d4\u5167\u745e\u62c9","BD":"\u5b5f\u52a0\u62c9","ZM":"\u5c1a\u6bd4\u4e9e","PW":"\u5e1b\u7409","LV":"\u62c9\u812b\u7dad\u4e9e","TO":"\u6771\u52a0","TL":"\u6771\u5e1d\u6c76","FR":"\u6cd5\u570b","FO":"\u6cd5\u7f85\u7fa4\u5cf6","GF":"\u6cd5\u5c6c\u572d\u4e9e\u90a3","TF":"\u6cd5\u5c6c\u5357\u90e8\u5c6c\u5730","PF":"\u6cd5\u5c6c\u73bb\u91cc\u5c3c\u897f\u4e9e","MF":"\u6cd5\u5c6c\u8056\u99ac\u4e01","BA":"\u6ce2\u58eb\u5c3c\u4e9e\u8207\u8d6b\u585e\u54e5\u7dad\u7d0d","BW":"\u6ce2\u672d\u90a3","PR":"\u6ce2\u591a\u9ece\u5404","PL":"\u6ce2\u862d","GI":"\u76f4\u5e03\u7f85\u9640","KE":"\u80af\u4e9e","FI":"\u82ac\u862d","AE":"\u963f\u62c9\u4f2f\u806f\u5408\u5927\u516c\u570b","AR":"\u963f\u6839\u5ef7","OM":"\u963f\u66fc","AF":"\u963f\u5bcc\u6c57","DZ":"\u963f\u723e\u53ca\u5229\u4e9e","AL":"\u963f\u723e\u5df4\u5c3c\u4e9e","RU":"\u4fc4\u7f85\u65af","BG":"\u4fdd\u52a0\u5229\u4e9e","ZA":"\u5357\u975e","GS":"\u5357\u55ac\u6cbb\u4e9e\u8207\u5357\u4e09\u660e\u6cbb\u7fa4\u5cf6","AQ":"\u5357\u6975\u6d32","KR":"\u5357\u97d3","SS":"\u5357\u8607\u4e39","KZ":"\u54c8\u85a9\u514b","TD":"\u67e5\u5fb7","KH":"\u67ec\u57d4\u5be8","BO":"\u73bb\u5229\u7dad\u4e9e","CC":"\u79d1\u514b\u65af\uff08\u57fa\u9748\uff09\u7fa4\u5cf6","KW":"\u79d1\u5a01\u7279","TN":"\u7a81\u5c3c\u897f\u4e9e","JO":"\u7d04\u65e6","US":"\u7f8e\u570b","UM":"\u7f8e\u570b\u672c\u571f\u5916\u5c0f\u5cf6\u5dbc","VI":"\u7f8e\u5c6c\u7dad\u4eac\u7fa4\u5cf6","AS":"\u7f8e\u5c6c\u85a9\u6469\u4e9e","GB":"\u82f1\u570b","IO":"\u82f1\u5c6c\u5370\u5ea6\u6d0b\u9818\u5730","VG":"\u82f1\u5c6c\u7dad\u4eac\u7fa4\u5cf6","MR":"\u8305\u5229\u5854\u5c3c\u4e9e","GH":"\u8fe6\u7d0d","CG":"\u525b\u679c\uff08\u5e03\u62c9\u85a9\uff09","CD":"\u525b\u679c\uff08\u91d1\u590f\u6c99\uff09","CO":"\u54e5\u502b\u6bd4\u4e9e","CR":"\u54e5\u65af\u5927\u9ece\u52a0","EG":"\u57c3\u53ca","CK":"\u5eab\u514b\u7fa4\u5cf6","CW":"\u5eab\u62c9\u7d22","NO":"\u632a\u5a01","SJ":"\u632a\u5a01\u5c6c\u65af\u74e6\u5df4\u53ca\u5c16\u68c9","GG":"\u6839\u606f","GL":"\u683c\u9675\u862d","GD":"\u683c\u745e\u90a3\u9054","TH":"\u6cf0\u570b","HT":"\u6d77\u5730","UG":"\u70cf\u5e72\u9054","UA":"\u70cf\u514b\u862d","UY":"\u70cf\u62c9\u572d","UZ":"\u70cf\u8332\u5225\u514b","RE":"\u7559\u5c3c\u65fa","PE":"\u79d8\u9b6f","NA":"\u7d0d\u7c73\u6bd4\u4e9e","NZ":"\u7d10\u897f\u862d","NU":"\u7d10\u57c3\u5cf6","SO":"\u7d22\u99ac\u5229\u4e9e","SB":"\u7d22\u7f85\u9580\u7fa4\u5cf6","MQ":"\u99ac\u4e01\u5c3c\u514b","ML":"\u99ac\u5229","MY":"\u99ac\u4f86\u897f\u4e9e","MW":"\u99ac\u62c9\u5a01","YT":"\u99ac\u7d04\u7279\u5cf6","MH":"\u99ac\u7d39\u723e\u7fa4\u5cf6","MG":"\u99ac\u9054\u52a0\u65af\u52a0","MT":"\u99ac\u723e\u4ed6","MV":"\u99ac\u723e\u5730\u592b","FM":"\u5bc6\u514b\u7f85\u5c3c\u897f\u4e9e","CZ":"\u6377\u514b","SY":"\u6558\u5229\u4e9e","IM":"\u66fc\u5cf6","VA":"\u68b5\u8482\u5ca1","AW":"\u8377\u5c6c\u963f\u9b6f\u5df4","SX":"\u8377\u5c6c\u8056\u99ac\u4e01","NL":"\u8377\u862d","BQ":"\u8377\u862d\u52a0\u52d2\u6bd4\u5340","MZ":"\u83ab\u4e09\u6bd4\u514b","CM":"\u5580\u9ea5\u9686","GE":"\u55ac\u6cbb\u4e9e","GN":"\u5e7e\u5167\u4e9e","GW":"\u5e7e\u5167\u4e9e\u6bd4\u7d22","FJ":"\u6590\u6fdf","LK":"\u65af\u91cc\u862d\u5361","SK":"\u65af\u6d1b\u4f10\u514b","SI":"\u65af\u6d1b\u7dad\u5c3c\u4e9e","CL":"\u667a\u5229","PH":"\u83f2\u5f8b\u8cd3","CI":"\u8c61\u7259\u6d77\u5cb8","VN":"\u8d8a\u5357","KY":"\u958b\u66fc\u7fa4\u5cf6","TJ":"\u5854\u5409\u514b","SN":"\u585e\u5167\u52a0\u723e","SC":"\u585e\u5e2d\u723e","RS":"\u585e\u723e\u7dad\u4e9e","AT":"\u5967\u5730\u5229","AX":"\u5967\u862d\u7fa4\u5cf6","EE":"\u611b\u6c99\u5c3c\u4e9e","IE":"\u611b\u723e\u862d","SG":"\u65b0\u52a0\u5761","NC":"\u65b0\u5580\u91cc\u591a\u5c3c\u4e9e","SL":"\u7345\u5b50\u5c71","CH":"\u745e\u58eb","SE":"\u745e\u5178","VU":"\u842c\u90a3\u675c","IT":"\u7fa9\u5927\u5229","BL":"\u8056\u5df4\u745f\u7c73","VC":"\u8056\u6587\u68ee\u53ca\u683c\u745e\u90a3\u4e01","PM":"\u8056\u76ae\u57c3\u8207\u5bc6\u514b\u9686\u7fa4\u5cf6","ST":"\u8056\u591a\u7f8e\u666e\u6797\u897f\u6bd4","KN":"\u8056\u514b\u91cc\u65af\u591a\u798f\u53ca\u5c3c\u7dad\u65af","SM":"\u8056\u99ac\u5229\u8afe","SH":"\u8056\u8d6b\u52d2\u62ff\u5cf6","CX":"\u8056\u8a95\u5cf6","LC":"\u8056\u9732\u897f\u4e9e","YE":"\u8449\u9580","KM":"\u845b\u6469","PT":"\u8461\u8404\u7259","FK":"\u798f\u514b\u862d\u7fa4\u5cf6","CV":"\u7dad\u5fb7\u89d2","MN":"\u8499\u53e4","MS":"\u8499\u54f2\u81d8","ME":"\u8499\u7279\u5167\u54e5\u7f85","BI":"\u84b2\u9686\u5730","GY":"\u84cb\u4e9e\u90a3","HM":"\u8d6b\u5fb7\u5cf6\u53ca\u9ea5\u5510\u7d0d\u7fa4\u5cf6","LA":"\u5bee\u570b","DE":"\u5fb7\u570b","MA":"\u6469\u6d1b\u54e5","MC":"\u6469\u7d0d\u54e5","MD":"\u6469\u723e\u591a\u74e6","MU":"\u6a21\u91cc\u897f\u65af","MM":"\u7dec\u7538","LB":"\u9ece\u5df4\u5ae9","MX":"\u58a8\u897f\u54e5","JE":"\u6fa4\u897f\u5cf6","AU":"\u6fb3\u6d32","RW":"\u76e7\u5b89\u9054","LU":"\u76e7\u68ee\u5821","NF":"\u8afe\u798f\u514b\u5cf6","NR":"\u8afe\u9b6f","LR":"\u8cf4\u6bd4\u745e\u4e9e","LS":"\u8cf4\u7d22\u6258","CY":"\u8cfd\u666e\u52d2\u65af","SV":"\u85a9\u723e\u74e6\u591a","WS":"\u85a9\u6469\u4e9e","RO":"\u7f85\u99ac\u5c3c\u4e9e","GU":"\u95dc\u5cf6","SD":"\u8607\u4e39","SR":"\u8607\u5229\u5357"}